keyword,cluster,note_slug,products,link_path
狭いキッチン 収納 一人暮らし,kitchen,kitchen-narrow,伸縮ラック|シンク下ラック|マグネットラック,kitchen-narrow
シンク下 収納 100均,kitchen,kitchen-sink-under,引き出しケース|伸縮棚|水はね防止シート,kitchen-sink-under
調味料 マグネット収納 賃貸,kitchen,kitchen-spice-magnet,マグネットラック|調味料ボトル|壁面フック,kitchen-spice-magnet
ワンルーム 8畳 収納 レイアウト,oneroom,oneroom-8tatami,突っ張り棒|多段ラック|布団収納ケース,oneroom-8tatami
押入れ 収納 100均,closet,closet-oshiire,収納ボックス|圧縮袋|仕切り板,closet-oshiire
クローゼット 洋服 コンパクト,closet,closet-clothes,スリムハンガー|収納BOX|連結ハンガー,closet-clothes
玄関 靴 収納 狭い,entry,entry-shoes,スリムシューズラック|突っ張り棚|ベンチ付ラック,entry-shoes
洗面台 下 収納 100均,bath,bath-vanity-under,引き出し|仕切りケース|マグネット収納,bath-vanity-under
原状回復OK 賃貸 壁面収納,rental,rental-wall,突っ張り棒|S字フック|ワイヤーネット,rental-wall
テレビ 配線 隠す 収納,living,living-cable,配線ボックス|ケーブルクリップ|壁面パネル,living-cable
